step,loss_before,loss_delta
0,11.57084846496582,11.566183090209961
1,5.05637788772583,4.9046430587768555
